[{"id":168,"name":"Achí","description":"","surface":null,"population":null,"postalCode":null,"departmentId":6,"department":null,"touristAttractions":null,"presidents":null,"indigenousReservations":null,"airports":null,"radios":null},{"id":169,"name":"Arenal","description":"","surface":null,"population":null,"postalCode":null,"departmentId":6,"department":null,"touristAttractions":null,"presidents":null,"indigenousReservations":null,"airports":null,"radios":null},{"id":170,"name":"Arjona","description":"","surface":null,"population":null,"postalCode":null,"departmentId":6,"department":null,"touristAttractions":null,"presidents":null,"indigenousReservations":null,"airports":null,"radios":null},{"id":171,"name":"Arroyohondo","description":"","surface":null,"population":null,"postalCode":null,"departmentId":6,"department":null,"touristAttractions":null,"presidents":null,"indigenousReservations":null,"airports":null,"radios":null},{"id":172,"name":"Calamar","description":"","surface":null,"population":null,"postalCode":null,"departmentId":6,"department":null,"touristAttractions":null,"presidents":null,"indigenousReservations":null,"airports":null,"radios":null},{"id":173,"name":"Cantagallo","description":"","surface":null,"population":null,"postalCode":null,"departmentId":6,"department":null,"touristAttractions":null,"presidents":null,"indigenousReservations":null,"airports":null,"radios":null},{"id":174,"name":"Cicuco","description":"","surface":null,"population":null,"postalCode":null,"departmentId":6,"department":null,"touristAttractions":null,"presidents":null,"indigenousReservations":null,"airports":null,"radios":null},{"id":175,"name":"Córdoba","description":"","surface":null,"population":null,"postalCode":null,"departmentId":6,"department":null,"touristAttractions":null,"presidents":null,"indigenousReservations":null,"airports":null,"radios":null},{"id":176,"name":"Clemencia","description":"","surface":null,"population":null,"postalCode":null,"departmentId":6,"department":null,"touristAttractions":null,"presidents":null,"indigenousReservations":null,"airports":null,"radios":null},{"id":177,"name":"El Guamo","description":"","surface":null,"population":null,"postalCode":null,"departmentId":6,"department":null,"touristAttractions":null,"presidents":null,"indigenousReservations":null,"airports":null,"radios":null},{"id":178,"name":"Magangué","description":"Magangué es un municipio colombiano localizado a orillas del río Magdalena, en el departamento de Bolívar. Este municipio bolivarense es conocido como \"La Ciudad de los Ríos\", ya que en este lugar del país desembocan los ríos Cauca y San Jorge en el Magdalena. Fue fundado en 1610 por Diego de Carvajal, y refundada un 28 de octubre de 1776 por el militar español Antonio de la Torre y Miranda.","surface":1568,"population":128000,"postalCode":"132511","departmentId":6,"department":null,"touristAttractions":null,"presidents":null,"indigenousReservations":null,"airports":null,"radios":null},{"id":179,"name":"Mahates","description":"","surface":null,"population":null,"postalCode":null,"departmentId":6,"department":null,"touristAttractions":null,"presidents":null,"indigenousReservations":null,"airports":null,"radios":null},{"id":180,"name":"Margarita","description":"","surface":null,"population":null,"postalCode":null,"departmentId":6,"department":null,"touristAttractions":null,"presidents":null,"indigenousReservations":null,"airports":null,"radios":null},{"id":181,"name":"Montecristo","description":"","surface":null,"population":null,"postalCode":null,"departmentId":6,"department":null,"touristAttractions":null,"presidents":null,"indigenousReservations":null,"airports":null,"radios":null},{"id":182,"name":"Mompós","description":"","surface":null,"population":null,"postalCode":null,"departmentId":6,"department":null,"touristAttractions":null,"presidents":null,"indigenousReservations":null,"airports":null,"radios":null},{"id":183,"name":"Morales","description":"","surface":null,"population":null,"postalCode":null,"departmentId":6,"department":null,"touristAttractions":null,"presidents":null,"indigenousReservations":null,"airports":null,"radios":null},{"id":184,"name":"Norosí","description":"","surface":null,"population":null,"postalCode":null,"departmentId":6,"department":null,"touristAttractions":null,"presidents":null,"indigenousReservations":null,"airports":null,"radios":null},{"id":185,"name":"Pinillos","description":"","surface":null,"population":null,"postalCode":null,"departmentId":6,"department":null,"touristAttractions":null,"presidents":null,"indigenousReservations":null,"airports":null,"radios":null},{"id":186,"name":"Regidor","description":"","surface":null,"population":null,"postalCode":null,"departmentId":6,"department":null,"touristAttractions":null,"presidents":null,"indigenousReservations":null,"airports":null,"radios":null},{"id":187,"name":"Río Viejo","description":"","surface":null,"population":null,"postalCode":null,"departmentId":6,"department":null,"touristAttractions":null,"presidents":null,"indigenousReservations":null,"airports":null,"radios":null},{"id":188,"name":"San Estanislao","description":"","surface":null,"population":null,"postalCode":null,"departmentId":6,"department":null,"touristAttractions":null,"presidents":null,"indigenousReservations":null,"airports":null,"radios":null},{"id":189,"name":"San Fernando","description":"","surface":null,"population":null,"postalCode":null,"departmentId":6,"department":null,"touristAttractions":null,"presidents":null,"indigenousReservations":null,"airports":null,"radios":null},{"id":190,"name":"San Juan Nepomuceno","description":"","surface":null,"population":null,"postalCode":null,"departmentId":6,"department":null,"touristAttractions":null,"presidents":null,"indigenousReservations":null,"airports":null,"radios":null},{"id":191,"name":"Santa Catalina","description":"","surface":null,"population":null,"postalCode":null,"departmentId":6,"department":null,"touristAttractions":null,"presidents":null,"indigenousReservations":null,"airports":null,"radios":null},{"id":192,"name":"Santa Rosa","description":"","surface":null,"population":null,"postalCode":null,"departmentId":6,"department":null,"touristAttractions":null,"presidents":null,"indigenousReservations":null,"airports":null,"radios":null},{"id":193,"name":"Simití","description":"","surface":null,"population":null,"postalCode":null,"departmentId":6,"department":null,"touristAttractions":null,"presidents":null,"indigenousReservations":null,"airports":null,"radios":null},{"id":194,"name":"Soplaviento","description":"","surface":null,"population":null,"postalCode":null,"departmentId":6,"department":null,"touristAttractions":null,"presidents":null,"indigenousReservations":null,"airports":null,"radios":null},{"id":195,"name":"Talaigua Nuevo","description":"","surface":null,"population":null,"postalCode":null,"departmentId":6,"department":null,"touristAttractions":null,"presidents":null,"indigenousReservations":null,"airports":null,"radios":null},{"id":196,"name":"Tiquisio","description":"","surface":null,"population":null,"postalCode":null,"departmentId":6,"department":null,"touristAttractions":null,"presidents":null,"indigenousReservations":null,"airports":null,"radios":null},{"id":197,"name":"Turbaco","description":"","surface":null,"population":null,"postalCode":null,"departmentId":6,"department":null,"touristAttractions":null,"presidents":null,"indigenousReservations":null,"airports":null,"radios":null},{"id":198,"name":"Turbaná","description":"","surface":null,"population":null,"postalCode":null,"departmentId":6,"department":null,"touristAttractions":null,"presidents":null,"indigenousReservations":null,"airports":null,"radios":null},{"id":199,"name":"Villanueva","description":"","surface":null,"population":null,"postalCode":null,"departmentId":6,"department":null,"touristAttractions":null,"presidents":null,"indigenousReservations":null,"airports":null,"radios":null},{"id":200,"name":"Barranco de Loba","description":"","surface":null,"population":null,"postalCode":null,"departmentId":6,"department":null,"touristAttractions":null,"presidents":null,"indigenousReservations":null,"airports":null,"radios":null},{"id":201,"name":"Santa Rosa del Sur","description":"","surface":null,"population":null,"postalCode":null,"departmentId":6,"department":null,"touristAttractions":null,"presidents":null,"indigenousReservations":null,"airports":null,"radios":null},{"id":202,"name":"Hatillo de Loba","description":"","surface":null,"population":null,"postalCode":null,"departmentId":6,"department":null,"touristAttractions":null,"presidents":null,"indigenousReservations":null,"airports":null,"radios":null},{"id":203,"name":"El Carmen de Bolívar","description":"El Carmen de Bolívar es un municipio del departamento de Bolívar, Colombia, ubicado en el sistema orográfico de los Montes de María, siendo la población más grande, así como la que concentra el movimiento económico y comercial de la subregión. Está a 120 km al sudeste de Cartagena de Indias y a 69 km al norte de Sincelejo.","surface":954,"population":70131,"postalCode":"132050","departmentId":6,"department":null,"touristAttractions":null,"presidents":null,"indigenousReservations":null,"airports":null,"radios":null},{"id":204,"name":"San Martín de Loba","description":"","surface":null,"population":null,"postalCode":null,"departmentId":6,"department":null,"touristAttractions":null,"presidents":null,"indigenousReservations":null,"airports":null,"radios":null},{"id":205,"name":"Altos del Rosario","description":"","surface":null,"population":null,"postalCode":null,"departmentId":6,"department":null,"touristAttractions":null,"presidents":null,"indigenousReservations":null,"airports":null,"radios":null},{"id":206,"name":"San Jacinto del Cauca","description":"","surface":null,"population":null,"postalCode":null,"departmentId":6,"department":null,"touristAttractions":null,"presidents":null,"indigenousReservations":null,"airports":null,"radios":null},{"id":207,"name":"San Pablo de Borbur","description":"","surface":null,"population":null,"postalCode":null,"departmentId":6,"department":null,"touristAttractions":null,"presidents":null,"indigenousReservations":null,"airports":null,"radios":null},{"id":208,"name":"San Jacinto","description":"","surface":null,"population":null,"postalCode":null,"departmentId":6,"department":null,"touristAttractions":null,"presidents":null,"indigenousReservations":null,"airports":null,"radios":null},{"id":209,"name":"El Peñón","description":"","surface":null,"population":null,"postalCode":null,"departmentId":6,"department":null,"touristAttractions":null,"presidents":null,"indigenousReservations":null,"airports":null,"radios":null},{"id":210,"name":"Cartagena","description":"Cartagena de Indias, oficialmente Distrito Turístico y Cultural de Cartagena de Indias (abreviado Cartagena de Indias, D. T. y C.), es la capital del departamento de Bolívar, al norte de Colombia.6​ Fue fundada el 1 de junio de 1533 por Pedro de Heredia.7​ Desde 1991 Cartagena es un Distrito Turístico y Cultural.8​ La ciudad está ubicada a orillas del mar Caribe","surface":609,"population":1028736,"postalCode":"130000","departmentId":6,"department":null,"touristAttractions":null,"presidents":null,"indigenousReservations":null,"airports":null,"radios":null},{"id":211,"name":"María la Baja","description":"","surface":null,"population":null,"postalCode":null,"departmentId":6,"department":null,"touristAttractions":null,"presidents":null,"indigenousReservations":null,"airports":null,"radios":null},{"id":212,"name":"San Cristóbal","description":"","surface":null,"population":null,"postalCode":null,"departmentId":6,"department":null,"touristAttractions":null,"presidents":null,"indigenousReservations":null,"airports":null,"radios":null},{"id":213,"name":"Zambrano","description":"","surface":null,"population":null,"postalCode":null,"departmentId":6,"department":null,"touristAttractions":null,"presidents":null,"indigenousReservations":null,"airports":null,"radios":null}]