{
  "leticia": [
    "Amazonas"
  ],
  "puerto nariño": [
    "Amazonas"
  ],
  "abejorral": [
    "Antioquia"
  ],
  "abriaquí": [
    "Antioquia"
  ],
  "alejandría": [
    "Antioquia"
  ],
  "amagá": [
    "Antioquia"
  ],
  "amalfi": [
    "Antioquia"
  ],
  "andes": [
    "Antioquia"
  ],
  "angelópolis": [
    "Antioquia"
  ],
  "angostura": [
    "Antioquia"
  ],
  "anorí": [
    "Antioquia"
  ],
  "anzá": [
    "Antioquia"
  ],
  "apartadó": [
    "Antioquia"
  ],
  "arboletes": [
    "Antioquia"
  ],
  "argelia": [
    "Antioquia",
    "Cauca",
    "Valle del Cauca"
  ],
  "armenia": [
    "Antioquia",
    "Quindío"
  ],
  "barbosa": [
    "Antioquia",
    "Santander"
  ],
  "bello": [
    "Antioquia"
  ],
  "belmira": [
    "Antioquia"
  ],
  "betania": [
    "Antioquia"
  ],
  "betulia": [
    "Antioquia",
    "Santander"
  ],
  "briceño": [
    "Antioquia",
    "Boyacá"
  ],
  "buriticá": [
    "Antioquia"
  ],
  "cáceres": [
    "Antioquia"
  ],
  "caicedo": [
    "Antioquia"
  ],
  "caldas": [
    "Antioquia",
    "Boyacá"
  ],
  "campamento": [
    "Antioquia"
  ],
  "cañasgordas": [
    "Antioquia"
  ],
  "caracolí": [
    "Antioquia"
  ],
  "caramanta": [
    "Antioquia"
  ],
  "carepa": [
    "Antioquia"
  ],
  "carolina del príncipe": [
    "Antioquia"
  ],
  "caucasia": [
    "Antioquia"
  ],
  "chigorodó": [
    "Antioquia"
  ],
  "cisneros": [
    "Antioquia"
  ],
  "ciudad bolívar": [
    "Antioquia"
  ],
  "cocorná": [
    "Antioquia"
  ],
  "concepción": [
    "Antioquia",
    "Santander"
  ],
  "concordia": [
    "Antioquia",
    "Magdalena"
  ],
  "copacabana": [
    "Antioquia"
  ],
  "dabeiba": [
    "Antioquia"
  ],
  "donmatías": [
    "Antioquia"
  ],
  "ebéjico": [
    "Antioquia"
  ],
  "el bagre": [
    "Antioquia"
  ],
  "el carmen de viboral": [
    "Antioquia"
  ],
  "el peñol": [
    "Antioquia",
    "Nariño"
  ],
  "el retiro": [
    "Antioquia"
  ],
  "el santuario": [
    "Antioquia"
  ],
  "entrerríos": [
    "Antioquia"
  ],
  "envigado": [
    "Antioquia"
  ],
  "fredonia": [
    "Antioquia"
  ],
  "frontino": [
    "Antioquia"
  ],
  "giraldo": [
    "Antioquia"
  ],
  "girardota": [
    "Antioquia"
  ],
  "gómez plata": [
    "Antioquia"
  ],
  "granada": [
    "Antioquia",
    "Cundinamarca",
    "Meta"
  ],
  "guadalupe": [
    "Antioquia",
    "Huila",
    "Santander"
  ],
  "guarne": [
    "Antioquia"
  ],
  "guatapé": [
    "Antioquia"
  ],
  "heliconia": [
    "Antioquia"
  ],
  "hispania": [
    "Antioquia"
  ],
  "itagüí": [
    "Antioquia"
  ],
  "ituango": [
    "Antioquia"
  ],
  "jardín": [
    "Antioquia"
  ],
  "jericó": [
    "Antioquia",
    "Boyacá"
  ],
  "la ceja": [
    "Antioquia"
  ],
  "la estrella": [
    "Antioquia"
  ],
  "la pintada": [
    "Antioquia"
  ],
  "la unión": [
    "Antioquia",
    "Nariño",
    "Sucre",
    "Valle del Cauca"
  ],
  "liborina": [
    "Antioquia"
  ],
  "maceo": [
    "Antioquia"
  ],
  "marinilla": [
    "Antioquia"
  ],
  "medellín": [
    "Antioquia"
  ],
  "montebello": [
    "Antioquia"
  ],
  "murindó": [
    "Antioquia"
  ],
  "mutatá": [
    "Antioquia"
  ],
  "nariño": [
    "Antioquia",
    "Cundinamarca",
    "Nariño"
  ],
  "nechí": [
    "Antioquia"
  ],
  "necoclí": [
    "Antioquia"
  ],
  "olaya": [
    "Antioquia"
  ],
  "peque": [
    "Antioquia"
  ],
  "pueblorrico": [
    "Antioquia"
  ],
  "puerto berrío": [
    "Antioquia"
  ],
  "puerto nare": [
    "Antioquia"
  ],
  "puerto triunfo": [
    "Antioquia"
  ],
  "remedios": [
    "Antioquia"
  ],
  "rionegro": [
    "Antioquia",
    "Santander"
  ],
  "sabanalarga": [
    "Antioquia",
    "Atlántico",
    "Casanare"
  ],
  "sabaneta": [
    "Antioquia"
  ],
  "salgar": [
    "Antioquia"
  ],
  "san andrés de cuerquia": [
    "Antioquia"
  ],
  "san carlos": [
    "Antioquia",
    "Córdoba"
  ],
  "san francisco": [
    "Antioquia",
    "Cundinamarca",
    "Putumayo"
  ],
  "san jerónimo": [
    "Antioquia"
  ],
  "san josé de la montaña": [
    "Antioquia"
  ],
  "san juan de urabá": [
    "Antioquia"
  ],
  "san luis": [
    "Antioquia",
    "Tolima"
  ],
  "san pedro de urabá": [
    "Antioquia"
  ],
  "san pedro de los milagros": [
    "Antioquia"
  ],
  "san rafael": [
    "Antioquia"
  ],
  "san roque": [
    "Antioquia"
  ],
  "san vicente": [
    "Antioquia"
  ],
  "santa bárbara": [
    "Antioquia",
    "Nariño",
    "Santander"
  ],
  "santa fe de antioquia": [
    "Antioquia"
  ],
  "santa rosa de osos": [
    "Antioquia"
  ],
  "santo domingo": [
    "Antioquia"
  ],
  "segovia": [
    "Antioquia"
  ],
  "sonsón": [
    "Antioquia"
  ],
  "sopetrán": [
    "Antioquia"
  ],
  "támesis": [
    "Antioquia"
  ],
  "tarazá": [
    "Antioquia"
  ],
  "tarso": [
    "Antioquia"
  ],
  "titiribí": [
    "Antioquia"
  ],
  "toledo": [
    "Antioquia",
    "Norte de Santander"
  ],
  "turbo": [
    "Antioquia"
  ],
  "uramita": [
    "Antioquia"
  ],
  "urrao": [
    "Antioquia"
  ],
  "valdivia": [
    "Antioquia"
  ],
  "valparaíso": [
    "Antioquia",
    "Caquetá"
  ],
  "vegachí": [
    "Antioquia"
  ],
  "venecia": [
    "Antioquia",
    "Cundinamarca"
  ],
  "vigía del fuerte": [
    "Antioquia"
  ],
  "yalí": [
    "Antioquia"
  ],
  "yarumal": [
    "Antioquia"
  ],
  "yolombó": [
    "Antioquia"
  ],
  "yondó": [
    "Antioquia"
  ],
  "zaragoza": [
    "Antioquia"
  ],
  "arauca": [
    "Arauca"
  ],
  "arauquita": [
    "Arauca"
  ],
  "cravo norte": [
    "Arauca"
  ],
  "fortul": [
    "Arauca"
  ],
  "puerto rondón": [
    "Arauca"
  ],
  "saravena": [
    "Arauca"
  ],
  "tame": [
    "Arauca"
  ],
  "baranoa": [
    "Atlántico"
  ],
  "barranquilla": [
    "Atlántico"
  ],
  "campo de la cruz": [
    "Atlántico"
  ],
  "candelaria": [
    "Atlántico",
    "Valle del Cauca"
  ],
  "galapa": [
    "Atlántico"
  ],
  "juan de acosta": [
    "Atlántico"
  ],
  "luruaco": [
    "Atlántico"
  ],
  "malambo": [
    "Atlántico"
  ],
  "manatí": [
    "Atlántico"
  ],
  "palmar de varela": [
    "Atlántico"
  ],
  "piojó": [
    "Atlántico"
  ],
  "polonuevo": [
    "Atlántico"
  ],
  "ponedera": [
    "Atlántico"
  ],
  "puerto colombia": [
    "Atlántico"
  ],
  "repelón": [
    "Atlántico"
  ],
  "sabanagrande": [
    "Atlántico"
  ],
  "santa lucía": [
    "Atlántico"
  ],
  "santo tomás": [
    "Atlántico"
  ],
  "soledad": [
    "Atlántico"
  ],
  "suán": [
    "Atlántico"
  ],
  "tubará": [
    "Atlántico"
  ],
  "usiacurí": [
    "Atlántico"
  ],
  "achí": [
    "Bolívar"
  ],
  "altos del rosario": [
    "Bolívar"
  ],
  "arenal": [
    "Bolívar"
  ],
  "arjona": [
    "Bolívar"
  ],
  "arroyohondo": [
    "Bolívar"
  ],
  "barranco de loba": [
    "Bolívar"
  ],
  "brazuelo de papayal": [
    "Bolívar"
  ],
  "calamar": [
    "Bolívar",
    "Guaviare"
  ],
  "cantagallo": [
    "Bolívar"
  ],
  "cartagena de indias": [
    "Bolívar"
  ],
  "cicuco": [
    "Bolívar"
  ],
  "clemencia": [
    "Bolívar"
  ],
  "córdoba": [
    "Bolívar",
    "Nariño",
    "Quindío"
  ],
  "el carmen de bolívar": [
    "Bolívar"
  ],
  "el guamo": [
    "Bolívar"
  ],
  "el peñón": [
    "Bolívar",
    "Cundinamarca",
    "Santander"
  ],
  "hatillo de loba": [
    "Bolívar"
  ],
  "magangué": [
    "Bolívar"
  ],
  "mahates": [
    "Bolívar"
  ],
  "margarita": [
    "Bolívar"
  ],
  "maría la baja": [
    "Bolívar"
  ],
  "mompós": [
    "Bolívar"
  ],
  "montecristo": [
    "Bolívar"
  ],
  "morales": [
    "Bolívar",
    "Cauca"
  ],
  "norosí": [
    "Bolívar"
  ],
  "pinillos": [
    "Bolívar"
  ],
  "regidor": [
    "Bolívar"
  ],
  "río viejo": [
    "Bolívar"
  ],
  "san cristóbal": [
    "Bolívar"
  ],
  "san estanislao": [
    "Bolívar"
  ],
  "san fernando": [
    "Bolívar"
  ],
  "san jacinto del cauca": [
    "Bolívar"
  ],
  "san jacinto": [
    "Bolívar"
  ],
  "san juan nepomuceno": [
    "Bolívar"
  ],
  "san martín de loba": [
    "Bolívar"
  ],
  "san pablo": [
    "Bolívar",
    "Nariño"
  ],
  "santa catalina": [
    "Bolívar"
  ],
  "santa rosa": [
    "Bolívar",
    "Cauca"
  ],
  "santa rosa del sur": [
    "Bolívar"
  ],
  "simití": [
    "Bolívar"
  ],
  "soplaviento": [
    "Bolívar"
  ],
  "talaigua nuevo": [
    "Bolívar"
  ],
  "tiquisio": [
    "Bolívar"
  ],
  "turbaco": [
    "Bolívar"
  ],
  "turbaná": [
    "Bolívar"
  ],
  "villanueva": [
    "Bolívar",
    "Casanare",
    "La Guajira",
    "Santander"
  ],
  "zambrano": [
    "Bolívar"
  ],
  "almeida": [
    "Boyacá"
  ],
  "aquitania": [
    "Boyacá"
  ],
  "arcabuco": [
    "Boyacá"
  ],
  "belén": [
    "Boyacá",
    "Nariño"
  ],
  "berbeo": [
    "Boyacá"
  ],
  "betéitiva": [
    "Boyacá"
  ],
  "boavita": [
    "Boyacá"
  ],
  "boyacá": [
    "Boyacá"
  ],
  "buenavista": [
    "Boyacá",
    "Córdoba",
    "Quindío",
    "Sucre"
  ],
  "busbanzá": [
    "Boyacá"
  ],
  "campohermoso": [
    "Boyacá"
  ],
  "cerinza": [
    "Boyacá"
  ],
  "chinavita": [
    "Boyacá"
  ],
  "chiquinquirá": [
    "Boyacá"
  ],
  "chíquiza": [
    "Boyacá"
  ],
  "chiscas": [
    "Boyacá"
  ],
  "chita": [
    "Boyacá"
  ],
  "chitaraque": [
    "Boyacá"
  ],
  "chivatá": [
    "Boyacá"
  ],
  "chivor": [
    "Boyacá"
  ],
  "ciénega": [
    "Boyacá"
  ],
  "cómbita": [
    "Boyacá"
  ],
  "coper": [
    "Boyacá"
  ],
  "corrales": [
    "Boyacá"
  ],
  "covarachía": [
    "Boyacá"
  ],
  "cubará": [
    "Boyacá"
  ],
  "cucaita": [
    "Boyacá"
  ],
  "cuítiva": [
    "Boyacá"
  ],
  "duitama": [
    "Boyacá"
  ],
  "el cocuy": [
    "Boyacá"
  ],
  "el espino": [
    "Boyacá"
  ],
  "firavitoba": [
    "Boyacá"
  ],
  "floresta": [
    "Boyacá"
  ],
  "gachantivá": [
    "Boyacá"
  ],
  "gámeza": [
    "Boyacá"
  ],
  "garagoa": [
    "Boyacá"
  ],
  "guacamayas": [
    "Boyacá"
  ],
  "guateque": [
    "Boyacá"
  ],
  "guayatá": [
    "Boyacá"
  ],
  "güicán": [
    "Boyacá"
  ],
  "iza": [
    "Boyacá"
  ],
  "jenesano": [
    "Boyacá"
  ],
  "la capilla": [
    "Boyacá"
  ],
  "la uvita": [
    "Boyacá"
  ],
  "la victoria": [
    "Boyacá",
    "Valle del Cauca"
  ],
  "labranzagrande": [
    "Boyacá"
  ],
  "macanal": [
    "Boyacá"
  ],
  "maripí": [
    "Boyacá"
  ],
  "miraflores": [
    "Boyacá",
    "Guaviare"
  ],
  "mongua": [
    "Boyacá"
  ],
  "monguí": [
    "Boyacá"
  ],
  "moniquirá": [
    "Boyacá"
  ],
  "motavita": [
    "Boyacá"
  ],
  "muzo": [
    "Boyacá"
  ],
  "nobsa": [
    "Boyacá"
  ],
  "nuevo colón": [
    "Boyacá"
  ],
  "oicatá": [
    "Boyacá"
  ],
  "otanche": [
    "Boyacá"
  ],
  "pachavita": [
    "Boyacá"
  ],
  "páez": [
    "Boyacá",
    "Cauca"
  ],
  "paipa": [
    "Boyacá"
  ],
  "pajarito": [
    "Boyacá"
  ],
  "panqueba": [
    "Boyacá"
  ],
  "pauna": [
    "Boyacá"
  ],
  "paya": [
    "Boyacá"
  ],
  "paz del río": [
    "Boyacá"
  ],
  "pesca": [
    "Boyacá"
  ],
  "pisba": [
    "Boyacá"
  ],
  "puerto boyacá": [
    "Boyacá"
  ],
  "quípama": [
    "Boyacá"
  ],
  "ramiriquí": [
    "Boyacá"
  ],
  "ráquira": [
    "Boyacá"
  ],
  "rondón": [
    "Boyacá"
  ],
  "saboyá": [
    "Boyacá"
  ],
  "sáchica": [
    "Boyacá"
  ],
  "samacá": [
    "Boyacá"
  ],
  "san eduardo": [
    "Boyacá"
  ],
  "san josé de pare": [
    "Boyacá"
  ],
  "san luis de gaceno": [
    "Boyacá"
  ],
  "san mateo": [
    "Boyacá"
  ],
  "san miguel de sema": [
    "Boyacá"
  ],
  "san pablo de borbur": [
    "Boyacá"
  ],
  "santa maría": [
    "Boyacá",
    "Huila"
  ],
  "santa rosa de viterbo": [
    "Boyacá"
  ],
  "santa sofía": [
    "Boyacá"
  ],
  "santana": [
    "Boyacá"
  ],
  "sativanorte": [
    "Boyacá"
  ],
  "sativasur": [
    "Boyacá"
  ],
  "siachoque": [
    "Boyacá"
  ],
  "soatá": [
    "Boyacá"
  ],
  "socha": [
    "Boyacá"
  ],
  "socotá": [
    "Boyacá"
  ],
  "sogamoso": [
    "Boyacá"
  ],
  "somondoco": [
    "Boyacá"
  ],
  "sora": [
    "Boyacá"
  ],
  "soracá": [
    "Boyacá"
  ],
  "sotaquirá": [
    "Boyacá"
  ],
  "susacón": [
    "Boyacá"
  ],
  "sutamarchán": [
    "Boyacá"
  ],
  "sutatenza": [
    "Boyacá"
  ],
  "tasco": [
    "Boyacá"
  ],
  "tenza": [
    "Boyacá"
  ],
  "tibaná": [
    "Boyacá"
  ],
  "tibasosa": [
    "Boyacá"
  ],
  "tinjacá": [
    "Boyacá"
  ],
  "tipacoque": [
    "Boyacá"
  ],
  "toca": [
    "Boyacá"
  ],
  "togüí": [
    "Boyacá"
  ],
  "tópaga": [
    "Boyacá"
  ],
  "tota": [
    "Boyacá"
  ],
  "tunja": [
    "Boyacá"
  ],
  "tununguá": [
    "Boyacá"
  ],
  "turmequé": [
    "Boyacá"
  ],
  "tuta": [
    "Boyacá"
  ],
  "tutazá": [
    "Boyacá"
  ],
  "úmbita": [
    "Boyacá"
  ],
  "ventaquemada": [
    "Boyacá"
  ],
  "villa de leyva": [
    "Boyacá"
  ],
  "viracachá": [
    "Boyacá"
  ],
  "zetaquira": [
    "Boyacá"
  ],
  "aguadas": [
    "Caldas"
  ],
  "anserma": [
    "Caldas"
  ],
  "aranzazu": [
    "Caldas"
  ],
  "belalcázar": [
    "Caldas"
  ],
  "chinchiná": [
    "Caldas"
  ],
  "filadelfia": [
    "Caldas"
  ],
  "la dorada": [
    "Caldas"
  ],
  "la merced": [
    "Caldas"
  ],
  "manizales": [
    "Caldas"
  ],
  "manzanares": [
    "Caldas"
  ],
  "marmato": [
    "Caldas"
  ],
  "marquetalia": [
    "Caldas"
  ],
  "marulanda": [
    "Caldas"
  ],
  "neira": [
    "Caldas"
  ],
  "norcasia": [
    "Caldas"
  ],
  "pácora": [
    "Caldas"
  ],
  "palestina": [
    "Caldas",
    "Huila"
  ],
  "pensilvania": [
    "Caldas"
  ],
  "riosucio": [
    "Caldas",
    "Chocó"
  ],
  "risaralda": [
    "Caldas"
  ],
  "salamina": [
    "Caldas",
    "Magdalena"
  ],
  "samaná": [
    "Caldas"
  ],
  "san josé": [
    "Caldas"
  ],
  "supía": [
    "Caldas"
  ],
  "victoria": [
    "Caldas"
  ],
  "villamaría": [
    "Caldas"
  ],
  "viterbo": [
    "Caldas"
  ],
  "albania": [
    "Caquetá",
    "La Guajira",
    "Santander"
  ],
  "belén de los andaquíes": [
    "Caquetá"
  ],
  "cartagena del chairá": [
    "Caquetá"
  ],
  "curillo": [
    "Caquetá"
  ],
  "el doncello": [
    "Caquetá"
  ],
  "el paujil": [
    "Caquetá"
  ],
  "florencia": [
    "Caquetá",
    "Cauca"
  ],
  "la montañita": [
    "Caquetá"
  ],
  "milán": [
    "Caquetá"
  ],
  "morelia": [
    "Caquetá"
  ],
  "puerto rico": [
    "Caquetá",
    "Meta"
  ],
  "san josé del fragua": [
    "Caquetá"
  ],
  "san vicente del caguán": [
    "Caquetá"
  ],
  "solano": [
    "Caquetá"
  ],
  "solita": [
    "Caquetá"
  ],
  "aguazul": [
    "Casanare"
  ],
  "chámeza": [
    "Casanare"
  ],
  "hato corozal": [
    "Casanare"
  ],
  "la salina": [
    "Casanare"
  ],
  "maní": [
    "Casanare"
  ],
  "monterrey": [
    "Casanare"
  ],
  "nunchía": [
    "Casanare"
  ],
  "orocué": [
    "Casanare"
  ],
  "paz de ariporo": [
    "Casanare"
  ],
  "pore": [
    "Casanare"
  ],
  "recetor": [
    "Casanare"
  ],
  "sácama": [
    "Casanare"
  ],
  "san luis de palenque": [
    "Casanare"
  ],
  "támara": [
    "Casanare"
  ],
  "tauramena": [
    "Casanare"
  ],
  "trinidad": [
    "Casanare"
  ],
  "yopal": [
    "Casanare"
  ],
  "almaguer": [
    "Cauca"
  ],
  "balboa": [
    "Cauca",
    "Risaralda"
  ],
  "bolívar": [
    "Cauca",
    "Santander",
    "Valle del Cauca"
  ],
  "buenos aires": [
    "Cauca"
  ],
  "cajibío": [
    "Cauca"
  ],
  "caldono": [
    "Cauca"
  ],
  "caloto": [
    "Cauca"
  ],
  "corinto": [
    "Cauca"
  ],
  "el tambo": [
    "Cauca",
    "Nariño"
  ],
  "guachené": [
    "Cauca"
  ],
  "guapí": [
    "Cauca"
  ],
  "inzá": [
    "Cauca"
  ],
  "jambaló": [
    "Cauca"
  ],
  "la sierra": [
    "Cauca"
  ],
  "la vega": [
    "Cauca",
    "Cundinamarca"
  ],
  "lópez de micay": [
    "Cauca"
  ],
  "mercaderes": [
    "Cauca"
  ],
  "miranda": [
    "Cauca"
  ],
  "padilla": [
    "Cauca"
  ],
  "patía": [
    "Cauca"
  ],
  "piamonte": [
    "Cauca"
  ],
  "piendamó": [
    "Cauca"
  ],
  "popayán": [
    "Cauca"
  ],
  "puerto tejada": [
    "Cauca"
  ],
  "puracé": [
    "Cauca"
  ],
  "rosas": [
    "Cauca"
  ],
  "san sebastián": [
    "Cauca"
  ],
  "santander de quilichao": [
    "Cauca"
  ],
  "silvia": [
    "Cauca"
  ],
  "sotará": [
    "Cauca"
  ],
  "suárez": [
    "Cauca",
    "Tolima"
  ],
  "sucre": [
    "Cauca",
    "Santander",
    "Sucre"
  ],
  "timbío": [
    "Cauca"
  ],
  "timbiquí": [
    "Cauca"
  ],
  "toribío": [
    "Cauca"
  ],
  "totoró": [
    "Cauca"
  ],
  "villa rica": [
    "Cauca"
  ],
  "aguachica": [
    "Cesar"
  ],
  "agustín codazzi": [
    "Cesar"
  ],
  "astrea": [
    "Cesar"
  ],
  "becerril": [
    "Cesar"
  ],
  "bosconia": [
    "Cesar"
  ],
  "chimichagua": [
    "Cesar"
  ],
  "chiriguaná": [
    "Cesar"
  ],
  "curumaní": [
    "Cesar"
  ],
  "el copey": [
    "Cesar"
  ],
  "el paso": [
    "Cesar"
  ],
  "gamarra": [
    "Cesar"
  ],
  "gonzález": [
    "Cesar"
  ],
  "la gloria (cesar)": [
    "Cesar"
  ],
  "la jagua de ibirico": [
    "Cesar"
  ],
  "la paz": [
    "Cesar",
    "Santander"
  ],
  "manaure balcón del cesar": [
    "Cesar"
  ],
  "pailitas": [
    "Cesar"
  ],
  "pelaya": [
    "Cesar"
  ],
  "pueblo bello": [
    "Cesar"
  ],
  "río de oro": [
    "Cesar"
  ],
  "san alberto": [
    "Cesar"
  ],
  "san diego": [
    "Cesar"
  ],
  "san martín": [
    "Cesar",
    "Meta"
  ],
  "tamalameque": [
    "Cesar"
  ],
  "valledupar": [
    "Cesar"
  ],
  "acandí": [
    "Chocó"
  ],
  "alto baudó": [
    "Chocó"
  ],
  "bagadó": [
    "Chocó"
  ],
  "bahía solano": [
    "Chocó"
  ],
  "bajo baudó": [
    "Chocó"
  ],
  "bojayá": [
    "Chocó"
  ],
  "cantón de san pablo": [
    "Chocó"
  ],
  "cértegui": [
    "Chocó"
  ],
  "condoto": [
    "Chocó"
  ],
  "el atrato": [
    "Chocó"
  ],
  "el carmen de atrato": [
    "Chocó"
  ],
  "el carmen del darién": [
    "Chocó"
  ],
  "istmina": [
    "Chocó"
  ],
  "juradó": [
    "Chocó"
  ],
  "litoral de san juan": [
    "Chocó"
  ],
  "lloró": [
    "Chocó"
  ],
  "medio atrato": [
    "Chocó"
  ],
  "medio baudó": [
    "Chocó"
  ],
  "medio san juan": [
    "Chocó"
  ],
  "nóvita": [
    "Chocó"
  ],
  "nuquí": [
    "Chocó"
  ],
  "quibdó": [
    "Chocó"
  ],
  "río iró": [
    "Chocó"
  ],
  "río quito": [
    "Chocó"
  ],
  "san josé del palmar": [
    "Chocó"
  ],
  "sipí": [
    "Chocó"
  ],
  "tadó": [
    "Chocó"
  ],
  "unión panamericana": [
    "Chocó"
  ],
  "unguía": [
    "Chocó"
  ],
  "agua de dios": [
    "Cundinamarca"
  ],
  "albán": [
    "Cundinamarca"
  ],
  "anapoima": [
    "Cundinamarca"
  ],
  "anolaima": [
    "Cundinamarca"
  ],
  "apulo": [
    "Cundinamarca"
  ],
  "arbeláez": [
    "Cundinamarca"
  ],
  "beltrán": [
    "Cundinamarca"
  ],
  "bituima": [
    "Cundinamarca"
  ],
  "bogotá": [
    "Cundinamarca"
  ],
  "bojacá": [
    "Cundinamarca"
  ],
  "cabrera": [
    "Cundinamarca",
    "Santander"
  ],
  "cachipay": [
    "Cundinamarca"
  ],
  "cajicá": [
    "Cundinamarca"
  ],
  "caparrapí": [
    "Cundinamarca"
  ],
  "cáqueza": [
    "Cundinamarca"
  ],
  "carmen de carupa": [
    "Cundinamarca"
  ],
  "chaguaní": [
    "Cundinamarca"
  ],
  "chía": [
    "Cundinamarca"
  ],
  "chipaque": [
    "Cundinamarca"
  ],
  "choachí": [
    "Cundinamarca"
  ],
  "chocontá": [
    "Cundinamarca"
  ],
  "cogua": [
    "Cundinamarca"
  ],
  "cota": [
    "Cundinamarca"
  ],
  "cucunubá": [
    "Cundinamarca"
  ],
  "el colegio": [
    "Cundinamarca"
  ],
  "el rosal": [
    "Cundinamarca"
  ],
  "facatativá": [
    "Cundinamarca"
  ],
  "fómeque": [
    "Cundinamarca"
  ],
  "fosca": [
    "Cundinamarca"
  ],
  "funza": [
    "Cundinamarca"
  ],
  "fúquene": [
    "Cundinamarca"
  ],
  "fusagasugá": [
    "Cundinamarca"
  ],
  "gachalá": [
    "Cundinamarca"
  ],
  "gachancipá": [
    "Cundinamarca"
  ],
  "gachetá": [
    "Cundinamarca"
  ],
  "gama": [
    "Cundinamarca"
  ],
  "girardot": [
    "Cundinamarca"
  ],
  "guachetá": [
    "Cundinamarca"
  ],
  "guaduas": [
    "Cundinamarca"
  ],
  "guasca": [
    "Cundinamarca"
  ],
  "guataquí": [
    "Cundinamarca"
  ],
  "guatavita": [
    "Cundinamarca"
  ],
  "guayabal de síquima": [
    "Cundinamarca"
  ],
  "guayabetal": [
    "Cundinamarca"
  ],
  "gutiérrez": [
    "Cundinamarca"
  ],
  "jerusalén": [
    "Cundinamarca"
  ],
  "junín": [
    "Cundinamarca"
  ],
  "la calera": [
    "Cundinamarca"
  ],
  "la mesa": [
    "Cundinamarca"
  ],
  "la palma": [
    "Cundinamarca"
  ],
  "la peña": [
    "Cundinamarca"
  ],
  "lenguazaque": [
    "Cundinamarca"
  ],
  "machetá": [
    "Cundinamarca"
  ],
  "madrid": [
    "Cundinamarca"
  ],
  "manta": [
    "Cundinamarca"
  ],
  "medina": [
    "Cundinamarca"
  ],
  "mosquera": [
    "Cundinamarca",
    "Nariño"
  ],
  "nemocón": [
    "Cundinamarca"
  ],
  "nilo": [
    "Cundinamarca"
  ],
  "nimaima": [
    "Cundinamarca"
  ],
  "nocaima": [
    "Cundinamarca"
  ],
  "pacho": [
    "Cundinamarca"
  ],
  "paime": [
    "Cundinamarca"
  ],
  "pandi": [
    "Cundinamarca"
  ],
  "paratebueno": [
    "Cundinamarca"
  ],
  "pasca": [
    "Cundinamarca"
  ],
  "puerto salgar": [
    "Cundinamarca"
  ],
  "pulí": [
    "Cundinamarca"
  ],
  "quebradanegra": [
    "Cundinamarca"
  ],
  "quetame": [
    "Cundinamarca"
  ],
  "quipile": [
    "Cundinamarca"
  ],
  "ricaurte": [
    "Cundinamarca",
    "Nariño"
  ],
  "san antonio del tequendama": [
    "Cundinamarca"
  ],
  "san bernardo": [
    "Cundinamarca",
    "Nariño"
  ],
  "san cayetano": [
    "Cundinamarca",
    "Norte de Santander"
  ],
  "san juan de rioseco": [
    "Cundinamarca"
  ],
  "sasaima": [
    "Cundinamarca"
  ],
  "sesquilé": [
    "Cundinamarca"
  ],
  "sibaté": [
    "Cundinamarca"
  ],
  "silvania": [
    "Cundinamarca"
  ],
  "simijaca": [
    "Cundinamarca"
  ],
  "soacha": [
    "Cundinamarca"
  ],
  "sopó": [
    "Cundinamarca"
  ],
  "subachoque": [
    "Cundinamarca"
  ],
  "suesca": [
    "Cundinamarca"
  ],
  "supatá": [
    "Cundinamarca"
  ],
  "susa": [
    "Cundinamarca"
  ],
  "sutatausa": [
    "Cundinamarca"
  ],
  "tabio": [
    "Cundinamarca"
  ],
  "tausa": [
    "Cundinamarca"
  ],
  "tena": [
    "Cundinamarca"
  ],
  "tenjo": [
    "Cundinamarca"
  ],
  "tibacuy": [
    "Cundinamarca"
  ],
  "tibirita": [
    "Cundinamarca"
  ],
  "tocaima": [
    "Cundinamarca"
  ],
  "tocancipá": [
    "Cundinamarca"
  ],
  "topaipí": [
    "Cundinamarca"
  ],
  "ubalá": [
    "Cundinamarca"
  ],
  "ubaque": [
    "Cundinamarca"
  ],
  "ubaté": [
    "Cundinamarca"
  ],
  "une": [
    "Cundinamarca"
  ],
  "útica": [
    "Cundinamarca"
  ],
  "vergara": [
    "Cundinamarca"
  ],
  "vianí": [
    "Cundinamarca"
  ],
  "villagómez": [
    "Cundinamarca"
  ],
  "villapinzón": [
    "Cundinamarca"
  ],
  "villeta": [
    "Cundinamarca"
  ],
  "viotá": [
    "Cundinamarca"
  ],
  "yacopí": [
    "Cundinamarca"
  ],
  "zipacón": [
    "Cundinamarca"
  ],
  "zipaquirá": [
    "Cundinamarca"
  ],
  "ayapel": [
    "Córdoba"
  ],
  "canalete": [
    "Córdoba"
  ],
  "cereté": [
    "Córdoba"
  ],
  "chimá": [
    "Córdoba"
  ],
  "chinú": [
    "Córdoba"
  ],
  "ciénaga de oro": [
    "Córdoba"
  ],
  "cotorra": [
    "Córdoba"
  ],
  "la apartada": [
    "Córdoba"
  ],
  "lorica": [
    "Córdoba"
  ],
  "los córdobas": [
    "Córdoba"
  ],
  "momil": [
    "Córdoba"
  ],
  "montelíbano": [
    "Córdoba"
  ],
  "montería": [
    "Córdoba"
  ],
  "moñitos": [
    "Córdoba"
  ],
  "planeta rica": [
    "Córdoba"
  ],
  "pueblo nuevo": [
    "Córdoba"
  ],
  "puerto escondido": [
    "Córdoba"
  ],
  "puerto libertador": [
    "Córdoba"
  ],
  "purísima": [
    "Córdoba"
  ],
  "sahagún": [
    "Córdoba"
  ],
  "san andrés de sotavento": [
    "Córdoba"
  ],
  "san antero": [
    "Córdoba"
  ],
  "san bernardo del viento": [
    "Córdoba"
  ],
  "san josé de uré": [
    "Córdoba"
  ],
  "san pelayo": [
    "Córdoba"
  ],
  "tierralta": [
    "Córdoba"
  ],
  "tuchín": [
    "Córdoba"
  ],
  "valencia": [
    "Córdoba"
  ],
  "inírida": [
    "Guainía"
  ],
  "el retorno": [
    "Guaviare"
  ],
  "san josé del guaviare": [
    "Guaviare"
  ],
  "acevedo": [
    "Huila"
  ],
  "agrado": [
    "Huila"
  ],
  "aipe": [
    "Huila"
  ],
  "algeciras": [
    "Huila"
  ],
  "altamira": [
    "Huila"
  ],
  "baraya": [
    "Huila"
  ],
  "campoalegre": [
    "Huila"
  ],
  "colombia": [
    "Huila"
  ],
  "el pital": [
    "Huila"
  ],
  "elías": [
    "Huila"
  ],
  "garzón": [
    "Huila"
  ],
  "gigante": [
    "Huila"
  ],
  "hobo": [
    "Huila"
  ],
  "íquira": [
    "Huila"
  ],
  "isnos": [
    "Huila"
  ],
  "la argentina": [
    "Huila"
  ],
  "la plata": [
    "Huila"
  ],
  "nátaga": [
    "Huila"
  ],
  "neiva": [
    "Huila"
  ],
  "oporapa": [
    "Huila"
  ],
  "paicol": [
    "Huila"
  ],
  "palermo": [
    "Huila"
  ],
  "pitalito": [
    "Huila"
  ],
  "rivera": [
    "Huila"
  ],
  "saladoblanco": [
    "Huila"
  ],
  "san agustín": [
    "Huila"
  ],
  "suaza": [
    "Huila"
  ],
  "tarqui": [
    "Huila"
  ],
  "tello": [
    "Huila"
  ],
  "teruel": [
    "Huila"
  ],
  "tesalia": [
    "Huila"
  ],
  "timaná": [
    "Huila"
  ],
  "villavieja": [
    "Huila"
  ],
  "yaguará": [
    "Huila"
  ],
  "barrancas": [
    "La Guajira"
  ],
  "dibulla": [
    "La Guajira"
  ],
  "distracción": [
    "La Guajira"
  ],
  "el molino": [
    "La Guajira"
  ],
  "fonseca": [
    "La Guajira"
  ],
  "hatonuevo": [
    "La Guajira"
  ],
  "la jagua del pilar": [
    "La Guajira"
  ],
  "maicao": [
    "La Guajira"
  ],
  "manaure": [
    "La Guajira"
  ],
  "riohacha": [
    "La Guajira"
  ],
  "san juan del cesar": [
    "La Guajira"
  ],
  "uribia": [
    "La Guajira"
  ],
  "urumita": [
    "La Guajira"
  ],
  "algarrobo": [
    "Magdalena"
  ],
  "aracataca": [
    "Magdalena"
  ],
  "ariguaní": [
    "Magdalena"
  ],
  "cerro de san antonio": [
    "Magdalena"
  ],
  "chibolo": [
    "Magdalena"
  ],
  "ciénaga": [
    "Magdalena"
  ],
  "el banco": [
    "Magdalena"
  ],
  "el piñón": [
    "Magdalena"
  ],
  "el retén": [
    "Magdalena"
  ],
  "fundación": [
    "Magdalena"
  ],
  "guamal": [
    "Magdalena",
    "Meta"
  ],
  "nueva granada": [
    "Magdalena"
  ],
  "pedraza": [
    "Magdalena"
  ],
  "pijiño del carmen": [
    "Magdalena"
  ],
  "pivijay": [
    "Magdalena"
  ],
  "plato": [
    "Magdalena"
  ],
  "pueblo viejo": [
    "Magdalena"
  ],
  "remolino": [
    "Magdalena"
  ],
  "sabanas de san ángel": [
    "Magdalena"
  ],
  "san sebastián de buenavista": [
    "Magdalena"
  ],
  "san zenón": [
    "Magdalena"
  ],
  "santa ana": [
    "Magdalena"
  ],
  "santa bárbara de pinto": [
    "Magdalena"
  ],
  "santa marta": [
    "Magdalena"
  ],
  "sitionuevo": [
    "Magdalena"
  ],
  "tenerife": [
    "Magdalena"
  ],
  "zapayán": [
    "Magdalena"
  ],
  "zona bananera": [
    "Magdalena"
  ],
  "acacías": [
    "Meta"
  ],
  "barranca de upía": [
    "Meta"
  ],
  "cabuyaro": [
    "Meta"
  ],
  "castilla la nueva": [
    "Meta"
  ],
  "cubarral": [
    "Meta"
  ],
  "cumaral": [
    "Meta"
  ],
  "el calvario": [
    "Meta"
  ],
  "el castillo": [
    "Meta"
  ],
  "el dorado": [
    "Meta"
  ],
  "fuente de oro": [
    "Meta"
  ],
  "la macarena": [
    "Meta"
  ],
  "la uribe": [
    "Meta"
  ],
  "lejanías": [
    "Meta"
  ],
  "mapiripán": [
    "Meta"
  ],
  "mesetas": [
    "Meta"
  ],
  "puerto concordia": [
    "Meta"
  ],
  "puerto gaitán": [
    "Meta"
  ],
  "puerto lleras": [
    "Meta"
  ],
  "puerto lópez": [
    "Meta"
  ],
  "restrepo": [
    "Meta",
    "Valle del Cauca"
  ],
  "san carlos de guaroa": [
    "Meta"
  ],
  "san juan de arama": [
    "Meta"
  ],
  "san juanito": [
    "Meta"
  ],
  "villavicencio": [
    "Meta"
  ],
  "vista hermosa": [
    "Meta"
  ],
  "aldana": [
    "Nariño"
  ],
  "ancuyá": [
    "Nariño"
  ],
  "arboleda": [
    "Nariño"
  ],
  "barbacoas": [
    "Nariño"
  ],
  "buesaco": [
    "Nariño"
  ],
  "chachagüí": [
    "Nariño"
  ],
  "colón": [
    "Nariño",
    "Putumayo"
  ],
  "consacá": [
    "Nariño"
  ],
  "contadero": [
    "Nariño"
  ],
  "cuaspud": [
    "Nariño"
  ],
  "cumbal": [
    "Nariño"
  ],
  "cumbitara": [
    "Nariño"
  ],
  "el charco": [
    "Nariño"
  ],
  "el rosario": [
    "Nariño"
  ],
  "el tablón": [
    "Nariño"
  ],
  "francisco pizarro": [
    "Nariño"
  ],
  "funes": [
    "Nariño"
  ],
  "guachucal": [
    "Nariño"
  ],
  "guaitarilla": [
    "Nariño"
  ],
  "gualmatán": [
    "Nariño"
  ],
  "iles": [
    "Nariño"
  ],
  "imués": [
    "Nariño"
  ],
  "ipiales": [
    "Nariño"
  ],
  "la cruz": [
    "Nariño"
  ],
  "la florida": [
    "Nariño"
  ],
  "la llanada": [
    "Nariño"
  ],
  "la tola": [
    "Nariño"
  ],
  "leiva": [
    "Nariño"
  ],
  "linares": [
    "Nariño"
  ],
  "los andes": [
    "Nariño"
  ],
  "magüí payán": [
    "Nariño"
  ],
  "mallama": [
    "Nariño"
  ],
  "olaya herrera": [
    "Nariño"
  ],
  "ospina": [
    "Nariño"
  ],
  "pasto": [
    "Nariño"
  ],
  "policarpa": [
    "Nariño"
  ],
  "potosí": [
    "Nariño"
  ],
  "providencia": [
    "Nariño"
  ],
  "puerres": [
    "Nariño"
  ],
  "pupiales": [
    "Nariño"
  ],
  "roberto payán": [
    "Nariño"
  ],
  "samaniego": [
    "Nariño"
  ],
  "san josé de albán": [
    "Nariño"
  ],
  "san lorenzo": [
    "Nariño"
  ],
  "san pedro de cartago": [
    "Nariño"
  ],
  "sandoná": [
    "Nariño"
  ],
  "santacruz": [
    "Nariño"
  ],
  "sapuyes": [
    "Nariño"
  ],
  "taminango": [
    "Nariño"
  ],
  "tangua": [
    "Nariño"
  ],
  "tumaco": [
    "Nariño"
  ],
  "túquerres": [
    "Nariño"
  ],
  "yacuanquer": [
    "Nariño"
  ],
  "ábrego": [
    "Norte de Santander"
  ],
  "arboledas": [
    "Norte de Santander"
  ],
  "bochalema": [
    "Norte de Santander"
  ],
  "bucarasica": [
    "Norte de Santander"
  ],
  "cáchira": [
    "Norte de Santander"
  ],
  "cácota": [
    "Norte de Santander"
  ],
  "chinácota": [
    "Norte de Santander"
  ],
  "chitagá": [
    "Norte de Santander"
  ],
  "convención": [
    "Norte de Santander"
  ],
  "cúcuta": [
    "Norte de Santander"
  ],
  "cucutilla": [
    "Norte de Santander"
  ],
  "duranía": [
    "Norte de Santander"
  ],
  "el carmen": [
    "Norte de Santander"
  ],
  "el tarra": [
    "Norte de Santander"
  ],
  "el zulia": [
    "Norte de Santander"
  ],
  "gramalote": [
    "Norte de Santander"
  ],
  "hacarí": [
    "Norte de Santander"
  ],
  "herrán": [
    "Norte de Santander"
  ],
  "la esperanza": [
    "Norte de Santander"
  ],
  "la playa de belén": [
    "Norte de Santander"
  ],
  "labateca": [
    "Norte de Santander"
  ],
  "los patios": [
    "Norte de Santander"
  ],
  "lourdes": [
    "Norte de Santander"
  ],
  "mutiscua": [
    "Norte de Santander"
  ],
  "ocaña": [
    "Norte de Santander"
  ],
  "pamplona": [
    "Norte de Santander"
  ],
  "pamplonita": [
    "Norte de Santander"
  ],
  "puerto santander": [
    "Norte de Santander"
  ],
  "ragonvalia": [
    "Norte de Santander"
  ],
  "salazar de las palmas": [
    "Norte de Santander"
  ],
  "san calixto": [
    "Norte de Santander"
  ],
  "santiago": [
    "Norte de Santander",
    "Putumayo"
  ],
  "santo domingo de silos": [
    "Norte de Santander"
  ],
  "sardinata": [
    "Norte de Santander"
  ],
  "teorama": [
    "Norte de Santander"
  ],
  "tibú": [
    "Norte de Santander"
  ],
  "villa caro": [
    "Norte de Santander"
  ],
  "villa del rosario": [
    "Norte de Santander"
  ],
  "mocoa": [
    "Putumayo"
  ],
  "orito": [
    "Putumayo"
  ],
  "puerto asís": [
    "Putumayo"
  ],
  "puerto caicedo": [
    "Putumayo"
  ],
  "puerto guzmán": [
    "Putumayo"
  ],
  "puerto leguízamo": [
    "Putumayo"
  ],
  "san miguel": [
    "Putumayo",
    "Santander"
  ],
  "sibundoy": [
    "Putumayo"
  ],
  "valle del guamuez": [
    "Putumayo"
  ],
  "villagarzón": [
    "Putumayo"
  ],
  "calarcá": [
    "Quindío"
  ],
  "circasia": [
    "Quindío"
  ],
  "filandia": [
    "Quindío"
  ],
  "génova": [
    "Quindío"
  ],
  "la tebaida": [
    "Quindío"
  ],
  "montenegro": [
    "Quindío"
  ],
  "pijao": [
    "Quindío"
  ],
  "quimbaya": [
    "Quindío"
  ],
  "salento": [
    "Quindío"
  ],
  "apía": [
    "Risaralda"
  ],
  "belén de umbría": [
    "Risaralda"
  ],
  "dosquebradas": [
    "Risaralda"
  ],
  "guática": [
    "Risaralda"
  ],
  "la celia": [
    "Risaralda"
  ],
  "la virginia": [
    "Risaralda"
  ],
  "marsella": [
    "Risaralda"
  ],
  "mistrató": [
    "Risaralda"
  ],
  "pereira": [
    "Risaralda"
  ],
  "pueblo rico": [
    "Risaralda"
  ],
  "quinchía": [
    "Risaralda"
  ],
  "santa rosa de cabal": [
    "Risaralda"
  ],
  "santuario": [
    "Risaralda"
  ],
  "providencia y santa catalina islas": [
    "San Andrés y Providencia"
  ],
  "san andrés": [
    "San Andrés y Providencia",
    "Santander"
  ],
  "aguada": [
    "Santander"
  ],
  "aratoca": [
    "Santander"
  ],
  "barichara": [
    "Santander"
  ],
  "barrancabermeja": [
    "Santander"
  ],
  "bucaramanga": [
    "Santander"
  ],
  "california": [
    "Santander"
  ],
  "capitanejo": [
    "Santander"
  ],
  "carcasí": [
    "Santander"
  ],
  "cepitá": [
    "Santander"
  ],
  "cerrito": [
    "Santander"
  ],
  "charalá": [
    "Santander"
  ],
  "charta": [
    "Santander"
  ],
  "chima": [
    "Santander"
  ],
  "chipatá": [
    "Santander"
  ],
  "cimitarra": [
    "Santander"
  ],
  "confines": [
    "Santander"
  ],
  "contratación": [
    "Santander"
  ],
  "coromoro": [
    "Santander"
  ],
  "curití": [
    "Santander"
  ],
  "el carmen de chucurí": [
    "Santander"
  ],
  "el guacamayo": [
    "Santander"
  ],
  "el playón": [
    "Santander"
  ],
  "el socorro": [
    "Santander"
  ],
  "encino": [
    "Santander"
  ],
  "enciso": [
    "Santander"
  ],
  "florián": [
    "Santander"
  ],
  "floridablanca": [
    "Santander"
  ],
  "galán": [
    "Santander"
  ],
  "gámbita": [
    "Santander"
  ],
  "girón": [
    "Santander"
  ],
  "guaca": [
    "Santander"
  ],
  "guapotá": [
    "Santander"
  ],
  "guavatá": [
    "Santander"
  ],
  "güepsa": [
    "Santander"
  ],
  "hato": [
    "Santander"
  ],
  "jesús maría": [
    "Santander"
  ],
  "jordán": [
    "Santander"
  ],
  "la belleza": [
    "Santander"
  ],
  "landázuri": [
    "Santander"
  ],
  "lebrija": [
    "Santander"
  ],
  "los santos": [
    "Santander"
  ],
  "macaravita": [
    "Santander"
  ],
  "málaga": [
    "Santander"
  ],
  "matanza": [
    "Santander"
  ],
  "mogotes": [
    "Santander"
  ],
  "molagavita": [
    "Santander"
  ],
  "ocamonte": [
    "Santander"
  ],
  "oiba": [
    "Santander"
  ],
  "onzaga": [
    "Santander"
  ],
  "palmar": [
    "Santander"
  ],
  "palmas del socorro": [
    "Santander"
  ],
  "páramo": [
    "Santander"
  ],
  "piedecuesta": [
    "Santander"
  ],
  "pinchote": [
    "Santander"
  ],
  "puente nacional": [
    "Santander"
  ],
  "puerto parra": [
    "Santander"
  ],
  "puerto wilches": [
    "Santander"
  ],
  "sabana de torres": [
    "Santander"
  ],
  "san benito": [
    "Santander"
  ],
  "san gil": [
    "Santander"
  ],
  "san joaquín": [
    "Santander"
  ],
  "san josé de miranda": [
    "Santander"
  ],
  "san vicente de chucurí": [
    "Santander"
  ],
  "santa helena del opón": [
    "Santander"
  ],
  "simacota": [
    "Santander"
  ],
  "suaita": [
    "Santander"
  ],
  "suratá": [
    "Santander"
  ],
  "tona": [
    "Santander"
  ],
  "valle de san josé": [
    "Santander"
  ],
  "vélez": [
    "Santander"
  ],
  "vetas": [
    "Santander"
  ],
  "zapatoca": [
    "Santander"
  ],
  "caimito": [
    "Sucre"
  ],
  "chalán": [
    "Sucre"
  ],
  "colosó": [
    "Sucre"
  ],
  "corozal": [
    "Sucre"
  ],
  "coveñas": [
    "Sucre"
  ],
  "el roble": [
    "Sucre"
  ],
  "galeras": [
    "Sucre"
  ],
  "guaranda": [
    "Sucre"
  ],
  "los palmitos": [
    "Sucre"
  ],
  "majagual": [
    "Sucre"
  ],
  "morroa": [
    "Sucre"
  ],
  "ovejas": [
    "Sucre"
  ],
  "sampués": [
    "Sucre"
  ],
  "san antonio de palmito": [
    "Sucre"
  ],
  "san benito abad": [
    "Sucre"
  ],
  "san juan de betulia": [
    "Sucre"
  ],
  "san marcos": [
    "Sucre"
  ],
  "san onofre": [
    "Sucre"
  ],
  "san pedro": [
    "Sucre",
    "Valle del Cauca"
  ],
  "sincé": [
    "Sucre"
  ],
  "sincelejo": [
    "Sucre"
  ],
  "tolú": [
    "Sucre"
  ],
  "tolú viejo": [
    "Sucre"
  ],
  "alpujarra": [
    "Tolima"
  ],
  "alvarado": [
    "Tolima"
  ],
  "ambalema": [
    "Tolima"
  ],
  "anzoátegui": [
    "Tolima"
  ],
  "armero": [
    "Tolima"
  ],
  "ataco": [
    "Tolima"
  ],
  "cajamarca": [
    "Tolima"
  ],
  "carmen de apicalá": [
    "Tolima"
  ],
  "casabianca": [
    "Tolima"
  ],
  "chaparral": [
    "Tolima"
  ],
  "coello": [
    "Tolima"
  ],
  "coyaima": [
    "Tolima"
  ],
  "cunday": [
    "Tolima"
  ],
  "dolores": [
    "Tolima"
  ],
  "el espinal": [
    "Tolima"
  ],
  "falán": [
    "Tolima"
  ],
  "flandes": [
    "Tolima"
  ],
  "fresno": [
    "Tolima"
  ],
  "guamo": [
    "Tolima"
  ],
  "herveo": [
    "Tolima"
  ],
  "honda": [
    "Tolima"
  ],
  "ibagué": [
    "Tolima"
  ],
  "icononzo": [
    "Tolima"
  ],
  "lérida": [
    "Tolima"
  ],
  "líbano": [
    "Tolima"
  ],
  "mariquita": [
    "Tolima"
  ],
  "melgar": [
    "Tolima"
  ],
  "murillo": [
    "Tolima"
  ],
  "natagaima": [
    "Tolima"
  ],
  "ortega": [
    "Tolima"
  ],
  "palocabildo": [
    "Tolima"
  ],
  "piedras": [
    "Tolima"
  ],
  "planadas": [
    "Tolima"
  ],
  "prado": [
    "Tolima"
  ],
  "purificación": [
    "Tolima"
  ],
  "rioblanco": [
    "Tolima"
  ],
  "roncesvalles": [
    "Tolima"
  ],
  "rovira": [
    "Tolima"
  ],
  "saldaña": [
    "Tolima"
  ],
  "san antonio": [
    "Tolima"
  ],
  "santa isabel": [
    "Tolima"
  ],
  "valle de san juan": [
    "Tolima"
  ],
  "venadillo": [
    "Tolima"
  ],
  "villahermosa": [
    "Tolima"
  ],
  "villarrica": [
    "Tolima"
  ],
  "alcalá": [
    "Valle del Cauca"
  ],
  "andalucía": [
    "Valle del Cauca"
  ],
  "ansermanuevo": [
    "Valle del Cauca"
  ],
  "buenaventura": [
    "Valle del Cauca"
  ],
  "buga": [
    "Valle del Cauca"
  ],
  "bugalagrande": [
    "Valle del Cauca"
  ],
  "caicedonia": [
    "Valle del Cauca"
  ],
  "cali": [
    "Valle del Cauca"
  ],
  "calima": [
    "Valle del Cauca"
  ],
  "cartago": [
    "Valle del Cauca"
  ],
  "dagua": [
    "Valle del Cauca"
  ],
  "el águila": [
    "Valle del Cauca"
  ],
  "el cairo": [
    "Valle del Cauca"
  ],
  "el cerrito": [
    "Valle del Cauca"
  ],
  "el dovio": [
    "Valle del Cauca"
  ],
  "florida": [
    "Valle del Cauca"
  ],
  "ginebra": [
    "Valle del Cauca"
  ],
  "guacarí": [
    "Valle del Cauca"
  ],
  "jamundí": [
    "Valle del Cauca"
  ],
  "la cumbre": [
    "Valle del Cauca"
  ],
  "obando": [
    "Valle del Cauca"
  ],
  "palmira": [
    "Valle del Cauca"
  ],
  "pradera": [
    "Valle del Cauca"
  ],
  "riofrío": [
    "Valle del Cauca"
  ],
  "roldanillo": [
    "Valle del Cauca"
  ],
  "sevilla": [
    "Valle del Cauca"
  ],
  "toro": [
    "Valle del Cauca"
  ],
  "trujillo": [
    "Valle del Cauca"
  ],
  "tuluá": [
    "Valle del Cauca"
  ],
  "ulloa": [
    "Valle del Cauca"
  ],
  "versalles": [
    "Valle del Cauca"
  ],
  "vijes": [
    "Valle del Cauca"
  ],
  "yotoco": [
    "Valle del Cauca"
  ],
  "yumbo": [
    "Valle del Cauca"
  ],
  "zarzal": [
    "Valle del Cauca"
  ],
  "carurú": [
    "Vaupés"
  ],
  "mitú": [
    "Vaupés"
  ],
  "taraira": [
    "Vaupés"
  ],
  "cumaribo": [
    "Vichada"
  ],
  "la primavera": [
    "Vichada"
  ],
  "puerto carreño": [
    "Vichada"
  ],
  "santa rosalía": [
    "Vichada"
  ]
}